name,address,phone,website,email,state,contacted,notes,place_id,collected_date
Mythical Smokes (Wicker Park),"1920 W North Ave, Chicago, IL 60622, USA",(773) 697-8593,,,IL,No,,ChIJCV_lwfPTD4gRxN5hufYzKwQ,2025-09-25 13:45:57
Alys convenience store,"1104 N Dearborn St, Chicago, IL 60610, USA",(773) 858-8971,,,IL,No,,ChIJsRbT2RfTD4gR4JFJLhBk298,2025-09-25 13:45:58
Sherry's Food Mart,"162 W Division St, Chicago, IL 60610, USA",(312) 265-0182,,,IL,No,,ChIJK7LIx0jTD4gRYEhST454TbY,2025-09-25 13:45:58
Tobacco CBD Glass,"1240 N Milwaukee Ave, Chicago, IL 60622, USA",,,,IL,No,,ChIJS09eFDjTD4gRjan5bo_QN4o,2025-09-25 13:45:58
Lovers Playground,"1246 W Randolph St, Chicago, IL 60607, USA",(312) 226-5222,https://loversplayground.com/collections/illinois-chicago-randolph-street,,IL,No,,ChIJO5lSiSctDogRPqMGbpmi6P4,2025-09-25 13:45:58
DOWNTOWN MINI MART,"173 W Van Buren St, Chicago, IL 60605, USA",,,,IL,No,,ChIJEwdTYGctDogRGnjzYJbmHXo,2025-09-25 13:45:58
VIP VAPE | SMOKE SHOP | TOBACCO |,"2030 N Damen Ave, Chicago, IL 60647, USA",(773) 770-3840,,,IL,No,,ChIJye8fJU_TD4gRl2CgkPuRHpY,2025-09-25 13:45:58
Halstead bp,"3047 S Halsted St, Chicago, IL 60608, USA",(312) 842-0118,https://map.bp.com/en-US/US/gas-station/chicago/bp/54468193480476060800100000000000,,IL,No,,ChIJ5z_irEcsDogRlIyUxdVqQGs,2025-09-25 13:46:00
Trove Smoking Treasures,"42 E Chicago Ave, Chicago, IL 60611, USA",(312) 265-0646,https://vapeology.org/stores/,contact@vapeology.org,IL,No,,ChIJy8XN8XvTD4gRYhcx1bZiLJY,2025-09-25 13:46:03
Lincoln Park Smoke and Vape,"2228 N Lincoln Ave, Chicago, IL 60614, USA",(773) 770-3765,,,IL,No,,ChIJ8eMpRzfTD4gRuyQZvbJfjJo,2025-09-25 13:46:03
VIP Smoke and Exotic Snacks | SMOKE SHOP NEAR ME | VAPES | CIGARS | THC | CBD,"2356 W Chicago Ave, Chicago, IL 60622, USA",(773) 904-8955,,,IL,No,,ChIJGQhA46ItDogRXaKiyTE8yzc,2025-09-25 13:46:03
Dueño de 28 gasolinera,"1535 W Grand Ave, Chicago, IL 60622, USA",,,,IL,No,,ChIJY684OAAtDogRyOzNaO_Ri6E,2025-09-25 13:46:03
Hubbard & State Cigar Shop,"6 W Hubbard St, Chicago, IL 60610, USA",(312) 670-0687,,,IL,No,,ChIJpRSfAa4sDogRSzyU2RqK5i0,2025-09-25 13:46:03
Chicago Vapor Zone,"1410 N Milwaukee Ave, Chicago, IL 60622, USA",(773) 270-4968,http://chicagovaporzoneil.com/,,IL,No,,ChIJVVVhc8bSD4gRPGw0sS8_VGo,2025-09-25 13:46:04
Saint Lucia's Smoke Shop,"2075 N Western Ave, Chicago, IL 60647, USA",(773) 360-7582,http://www.saintlucias.com/,,IL,No,,ChIJFz8SZpfSD4gRHjJEYbiHREw,2025-09-25 13:46:05
Iwan Ries & Co,"19 S Wabash Ave 2nd floor, Chicago, IL 60603, USA",(312) 372-1306,https://www.iwanries.com/,,IL,No,,ChIJYw3pX6QsDogRlWjaYTYNfKk,2025-09-25 13:46:06
Mr Vape & Smoke,"2250 N Lincoln Ave, Chicago, IL 60614, USA",(773) 697-7825,,,IL,No,,ChIJf_UOi9_TD4gRrzTYNcoz9T4,2025-09-25 13:46:06
"1 Stop Market, Smoke Shop & Grill","2132 W Washington Blvd, Chicago, IL 60612, USA",(312) 964-5133,,,IL,No,,ChIJe3FF40YtDogRYoG4WejGym8,2025-09-25 13:46:06
Distilled Smoke,"169 N Wells St, Chicago, IL 60606, USA",(312) 778-2108,,,IL,No,,ChIJz_2dDq0tDogRIdSIuVq-4Bk,2025-09-25 13:46:06
GreenArch Food Mart - Tobacco & Phone,"1219 N Milwaukee Ave, Chicago, IL 60642, USA",(773) 486-1550,,,IL,No,,ChIJxcK7NtDSD4gRiO2njFl5T0o,2025-09-25 13:46:07
Artisan Vapor,"701 N Milwaukee Ave suite 344, Chicago, IL 60642, USA",,,,IL,No,,ChIJ-cuQfwAtDogRwClwhXLzLlU,2025-09-25 13:46:09
Pilsen smoke hub,"1118 W 18th St, Chicago, IL 60608, USA",(312) 526-3698,https://g.page/pilsen-smoke-hub,,IL,No,,ChIJ9SnPBiEtDogRoWV7GjAq7ZY,2025-09-25 13:46:12
Smoke Depot Wicker Park,"1646 N Milwaukee Ave, Chicago, IL 60647, USA",(773) 661-9352,,,IL,No,,ChIJB1UfvzLTD4gRpaRPMYE4jdI,2025-09-25 13:46:12
Morgan Smoke & Vape,"720 W Randolph St, Chicago, IL 60661, USA",(773) 398-6072,,,IL,No,,ChIJJYBgP50tDogRpF_yBIMMAEs,2025-09-25 13:46:12
The Clayton Cigar Shop and Smoking Lounge Chicago,"212 N Canal St, Chicago, IL 60606, USA",(312) 757-8910,http://www.theclayton.com/,,IL,No,,ChIJr5fLuMgsDogREtqYo9qEtOE,2025-09-25 13:46:13
Genie Smoke Shop,"2010 W Division St, Chicago, IL 60622, USA",(773) 937-7773,,,IL,No,,ChIJGeP1q0PTD4gRQXiTFLIaV28,2025-09-25 13:46:13
Sweet Tooth Smoke Shop,"2030 W Chicago Ave, Chicago, IL 60622, USA",(773) 276-9211,http://www.facebook.com/sweettoothsmokeshop,,IL,No,,ChIJcf3mrEotDogRxoWKZ36r-88,2025-09-25 13:46:14
Up in smoke,"2001 W Cermak Rd, Chicago, IL 60608, USA",(872) 444-8913,,,IL,No,,ChIJ0VydWZctDogRWrIPUGrpUmY,2025-09-25 13:46:18
American Vapor Shop Wells St - Smoke Shop in Chicago,"1212 N Wells St Suite 1, Chicago, IL 60610, USA",(312) 624-9110,https://americanvaporshopwellsst.com/,,IL,No,,ChIJ477PYwnTD4gRlG6BhkX6Ssk,2025-09-25 13:46:28
SMOKE SHOP PIPES AND STUFF XX,"1333 W Taylor St, Chicago, IL 60607, USA",(312) 265-0973,,,IL,No,,ChIJb0QMrR0tDogRWu9BciSISjk,2025-09-25 13:46:29
The Smoke Hut Rebirth,"2000 W Chicago Ave, Chicago, IL 60622, USA",(773) 661-6777,,,IL,No,,ChIJYxI4UjUtDogRomsNK_3dAfc,2025-09-25 13:46:33
SMOKES N CLOUDS,"1041 W Madison St, Chicago, IL 60607, USA",(312) 265-1903,,,IL,No,,ChIJ16diBgYtDogRGEc9FARmWpg,2025-09-25 13:46:34
Smoke Haven,"1732 W 18th St, Chicago, IL 60608, USA",(872) 218-2408,,,IL,No,,ChIJeQyAxrgtDogRsnnVk1iElkw,2025-09-25 13:46:34
Smoke Outlet - River North,"853 N Larrabee St, Chicago, IL 60610, USA",(773) 485-0037,https://www.smokeoutlet.com/,,IL,No,,ChIJS04uWxbTD4gRfNWfa8vZ7bg,2025-09-25 13:46:45
Up in smoke cigar & vape,"2230 S Western Ave, Chicago, IL 60608, USA",(773) 823-7316,,,IL,No,,ChIJ3aFfHlEtDogRXoJtJpIdzoA,2025-09-25 13:46:45
Mythical Smokes,"27 E Adams St, Chicago, IL 60603, USA",(312) 929-2596,,,IL,No,,ChIJBXcuD_otDogRYiZbq-bUdlk,2025-09-25 13:46:45
Oldtown Smokes and Kicks,"1552 N Wells St, Chicago, IL 60610, USA",(872) 318-2140,https://oldtownsmokesandkicks.com/,,IL,No,,ChIJL-vQOcDTD4gRvhlvcxfSgi8,2025-09-25 13:46:56
Blaze Chicago,"1101 N Western Ave, Chicago, IL 60622, USA",(312) 399-1172,http://www.blazechicago.org/,60622cesar@blazechicago.orghoursopen,IL,No,,ChIJM_UuHrLSD4gRfE8z_bb3jHg,2025-09-25 13:47:00
Chillaxx,"218 N Halsted St, Chicago, IL 60661, USA",(312) 344-1949,https://vapeology.org/stores/,contact@vapeology.org,IL,No,,ChIJTZ0EW7stDogRpEwoKE9NQFI,2025-09-25 13:47:06
Mythical Smokes (West Loop / Greektown),"235 S Halsted St, Chicago, IL 60661, USA",(312) 877-5756,,,IL,No,,ChIJ8S31Ck0tDogRKkXyuAZdsJs,2025-09-25 13:47:06
Mythical Smokes (River North/Gold Coast),"21 W Ontario St, Chicago, IL 60654, USA",(312) 366-2137,,,IL,No,,ChIJR5PsvI8tDogR_T1zp0kRTC8,2025-09-25 13:47:06
Marios Cigar And Vape,"224 W 31st St, Chicago, IL 60616, USA",(312) 526-3955,https://www.facebook.com/marioscigarvape,,IL,No,,ChIJt29xNIstDogRKBXFH2DptCQ,2025-09-25 13:47:07
Up Down Cigar,"1550 N Wells St, Chicago, IL 60610, USA",(800) 587-3696,,,IL,No,,ChIJDyaJNkHTD4gRBCRfnrEtVqk,2025-09-25 13:47:11
Biggs Mansion Chicago,"1150 N Dearborn St, Chicago, IL 60610, USA",(312) 809-2444,http://biggschicago.com/,,IL,No,,ChIJGzNzsE_TD4gRUphQSKMif4k,2025-09-25 13:47:12
Trippy’s Smoke Shop,"3168 S Ashland Ave, Chicago, IL 60608, USA",(773) 475-6249,,,IL,No,,ChIJI24wH-0tDogRMSk1-vp_2VI,2025-09-25 13:47:13
Ralph's Cigars,"1154 W Taylor St, Chicago, IL 60607, USA",(312) 877-5755,http://www.ralphcigars.com/,877-5755ralphscigars@yahoo.com,IL,No,,ChIJ_wxrbeQsDogRDRkd4l-OlGM,2025-09-25 13:47:15
Morgan Tobacco Hub,"37 N Morgan St, Chicago, IL 60607, USA",(312) 574-0701,,,IL,No,,ChIJP8XnX_otDogReDFEI71bYaU,2025-09-25 13:47:15
Chicago Cut cigar lounge,"1003 W Fulton Market, Chicago, IL 60607, USA",(312) 366-2242,https://www.chicagocut.com/,usulysses@latsko.com,IL,No,,ChIJD3fyRgAtDogRjWqSo6wmbRA,2025-09-25 13:47:18
DOWNTOWN SMOKE SHOP,"220 W Washington St, Chicago, IL 60606, USA",(312) 265-1598,,,IL,No,,ChIJ0z4OIe4tDogRDJAlA2s-Tis,2025-09-25 13:47:19
Ash's Wicker Park Tobacconist,"1923 W Division St, Chicago, IL 60622, USA",(773) 697-8244,,,IL,No,,ChIJA8DHpcnSD4gRkyycZxkU9Sg,2025-09-25 13:47:19
Smoke Station 999,"509 E Green St, Champaign, IL 61820, USA",(447) 902-7464,,,IL,No,,ChIJD2jWc8HXDIgRk-ysGsd69ks,2025-09-25 13:47:26
Tobacco Mania,"2200 A, E University Ave, Urbana, IL 61802, USA",(217) 607-1027,,,IL,No,,ChIJeXlEn3fXDIgRfeT2zHlwTWI,2025-09-25 13:47:26
Mach 1,"902 W Bloomington Rd, Champaign, IL 61821, USA",(217) 500-8220,http://mach1stores.com/,,IL,No,,ChIJNyybvwnaDIgRzWj130gpFAA,2025-09-25 13:47:30
Global Smoke & Vape,"1804 S Neil St, Champaign, IL 61820, USA",(217) 607-2181,,,IL,No,,ChIJ9ZwU1f3XDIgR63iRt0vjhb8,2025-09-25 13:47:30
101 tobacco & vape # 6,"1327 Savoy Plaza Ln, Savoy, IL 61874, USA",(217) 607-2629,,,IL,No,,ChIJcTw8RE_RDIgRdWEgUma742Q,2025-09-25 13:47:30
101 vape & tobacco,"1301 Savoy Plaza Ln, Savoy, IL 61874, USA",(217) 607-1504,,,IL,No,,ChIJvf6YspvRDIgRxhI6HkqyIh4,2025-09-25 13:47:30
Evergreen Tobacco & Smoke on Campus,"306 E Green St, Champaign, IL 61820, USA",(217) 337-7777,https://evergreentobaccoandsmokeoncampus.com/,,IL,No,,ChIJByDnijjXDIgR8yuzMmCiI2o,2025-09-25 13:47:40
Evergreen Tobacco,"907 W Marketview Dr Suite 15, Champaign, IL 61822, USA",(217) 552-1116,,,IL,No,,ChIJp7QQjFrbDIgRsnU21PxaiRo,2025-09-25 13:47:40
Super Lucky Star Food & Liquor,"2108 E University Ave, Urbana, IL 61802, USA",(217) 607-1809,,,IL,No,,ChIJN-sZOunXDIgRWnWS3frUyF0,2025-09-25 13:47:40
Smoke city,"1804 N Cunningham Ave studio a, Urbana, IL 61802, USA",(217) 607-2759,,,IL,No,,ChIJ91rWNEfXDIgRM0tPa3nPSTY,2025-09-25 13:47:40
Sunset Tobacco & vape,"902 Meijer Dr Ste 1, Champaign, IL 61822, USA",(217) 607-1903,,,IL,No,,ChIJqZ3FdFTbDIgR33JxWGuMKSs,2025-09-25 13:47:40
Tobacco Expo,"1509 N Prospect Ave, Champaign, IL 61820, USA",(217) 607-2765,,,IL,No,,ChIJ4_fnmKfQDIgRMk1zBVux9H8,2025-09-25 13:47:41
Exotic's Smoke Shop,"1720 Philo Rd Suite D, Urbana, IL 61802, USA",(217) 607-0864,,,IL,No,,ChIJlamHJWLXDIgRihDsCL_NDd8,2025-09-25 13:47:41
Exotic’s Smoke Shop,"110 E University Ave Suite D, Urbana, IL 61801, USA",(217) 607-0530,,,IL,No,,ChIJx_YJkSrXDIgRqOL94C4CIkw,2025-09-25 13:47:41
JB Hawks Discount Tobacco and Vape,"519 E University Ave, Champaign, IL 61820, USA",(217) 355-7600,http://jbhawks.com/,bfulton@jbhawks.comcontact,IL,No,,ChIJofRDa6jQDIgRHnJktmvjCrM,2025-09-25 13:47:44
Smoke Shop,"519 N Neil St, Champaign, IL 61820, USA",(217) 607-1015,,,IL,No,,ChIJCxVwcADXDIgRTHpFKNmit-o,2025-09-25 13:47:44
Hunny's Smokeshop & More,"712 S 6th St, Champaign, IL 61820, USA",(217) 607-1596,https://www.instagram.com/barbiezz_smokeshop,,IL,No,,ChIJOSiAgvnXDIgRwOW6yAML7Os,2025-09-25 13:47:45
Joe's Smoke Shop on University,"303 E University Ave, Champaign, IL 61820, USA",(217) 607-1103,,,IL,No,,ChIJF5UZCADXDIgRNCotiT6qZNY,2025-09-25 13:47:45
Stardust Vapors,"1903 N Neil St E, Champaign, IL 61820, USA",(815) 303-7801,https://stardustvapors.com/,,IL,No,,ChIJK3f2YvfZDIgRCaWS3-FAtCE,2025-09-25 13:47:55
Jon's Pipe Shop and Cigar Smoking Lounge,"44 E University Ave, Champaign, IL 61820, USA",(217) 355-2200,,,IL,No,,ChIJZSb2Rz_XDIgRcH4nluqUVuE,2025-09-25 13:47:55
Wild Side Smoke Shop,"604 S Neil St STE 103, Champaign, IL 61820, USA",(217) 954-1416,,,IL,No,,ChIJNbBWZwPXDIgRTRsnXx5jUu8,2025-09-25 13:48:11
Vape Vault,"723 S Neil St h, Champaign, IL 61820, USA",(217) 607-0793,http://vapevaultinc.com/,vapevaultllc@gmail.com,IL,No,,ChIJlzqRiDTXDIgRoRO-kNFoeZg,2025-09-25 13:48:27
Wild Cloud Smoke Shop,"518 E Green St, Champaign, IL 61820, USA",(217) 607-8185,,,IL,No,,ChIJW5aIAVvXDIgRWBswcHDgJGs,2025-09-25 13:48:38
Vapors plus+LLC,"405 N Broadway Ave Suite 2 Office A, Urbana, IL 61801, USA",(217) 693-7679,https://www.facebook.com/vaporsplusllc/,,IL,No,,ChIJfS-uu8vXDIgR4zukpSBaXtU,2025-09-25 13:48:39
nuEra Champaign Dispensary,"102 E Green St, Champaign, IL 61820, USA",(217) 530-4077,https://nueracannabis.com/dispensaries/il/champaign/,,IL,No,,ChIJQyygAFTXDIgRb3yaLwnPBE8,2025-09-25 13:49:07
Binny's Beverage Depot - Champaign,"802 W Town Center Blvd, Champaign, IL 61822, USA",(217) 355-0625,https://www.binnys.com/store-locator/champaign,,IL,No,,ChIJFeEhFhDaDIgRSnC8QzKacsQ,2025-09-25 13:49:21
Oglesby Quick Mart,"105 N Lewis Ave, Oglesby, IL 61348, USA",(815) 993-9288,,,IL,No,,ChIJ4XfUcghfCYgRo_VW6nnK9Aw,2025-09-25 13:49:22
Empty Nest Resale,"110 W Walnut St, Oglesby, IL 61348, USA",(815) 780-7490,https://emptynestresale.com/,,IL,No,,ChIJkWdnpM1fCYgR9tO9_p8GsRA,2025-09-25 13:49:25
BP - LIT SMOKE SHOP,"501 24th St, Rock Island, IL 61201, USA",(309) 558-0086,,,IL,No,,ChIJi-a0Bncz4ocRErEe3eADYwA,2025-09-25 13:49:28
ESSENTIALS VAPE | THC | LIQUOR | BEER & WINE,"4301 Avenue of the Cities, Moline, IL 61265, USA",(309) 799-9090,,,IL,No,,ChIJF6jxmEEx4ocR6Lz-k7bfhb4,2025-09-25 13:49:28
Galaxy Tobacco & Vape,"4437 Avenue of the Cities, Moline, IL 61265, USA",(309) 517-1516,,,IL,No,,ChIJ3yDqe0Ix4ocRZi0CqVNIIIw,2025-09-25 13:49:28
Blackhawks Tobacco & Vape,"2733 18th Ave, Rock Island, IL 61201, USA",(901) 643-1229,,,IL,No,,ChIJw2gzpusz4ocRZ_VPmDiAYRI,2025-09-25 13:49:28
Greenleaf Tobacco & Vape,"3824 44th Ave, Moline, IL 61265, USA",(309) 517-1488,,,IL,No,,ChIJA1th21Mx4ocRBHiQEzHvaNE,2025-09-25 13:49:28
Avenue of the Cities Tobacco and Vape,"4325 Avenue of the Cities, Moline, IL 61265, USA",(309) 524-3188,,,IL,No,,ChIJ_2eMc_wx4ocRK6gCFg_uIF8,2025-09-25 13:49:28
Alex Tobacco and Vape,"4303 18th Ave, Rock Island, IL 61201, USA",(309) 558-0372,,,IL,No,,ChIJ59XE9j8z4ocRoYgiuhm0CTo,2025-09-25 13:49:29
ESSENTIALS VAPE | CBD | THC DISPENSARY,"3015 18th Ave, Rock Island, IL 61201, USA",(309) 553-5000,https://officialessentials.com/,,IL,No,,ChIJKyXNDQQz4ocRPJt30B5nsNs,2025-09-25 13:49:29
Greenleaf Tobacco & Vape,"106 19th Ave Unit #90, Moline, IL 61265, USA",(309) 517-3102,,,IL,No,,ChIJIYH93EQz4ocRylbx62o0JnM,2025-09-25 13:49:29
Riverside Liquor,"2403 7th Ave, Rock Island, IL 61201, USA",(309) 788-7000,,,IL,No,,ChIJTXEohnYz4ocRA2lcX2rbB3k,2025-09-25 13:49:29
Yabba Dabbas House of Glass,"4416 Avenue of the Cities, Moline, IL 61265, USA",(309) 517-1855,http://www.yabbadabbas.com/,filler@godaddy.commy,IL,No,,ChIJL9ZUG_Iw4ocRYM_SHSmuFmM,2025-09-25 13:49:30
ODC,"1200 5th Ave, Moline, IL 61265, USA",(563) 505-5483,,,IL,No,,ChIJIciS6Yw04ocR0BY76zt9bXY,2025-09-25 13:49:30
JB Hawks Discount Tobacco and Vape,"180 19th Ave, Moline, IL 61265, USA",(309) 797-0362,http://jbhawks.com/,bfulton@jbhawks.comcontact,IL,No,,ChIJbSyjLtsz4ocRfYYI7-faqCM,2025-09-25 13:49:32
Almost Paradise Vapor,"4113 Kennedy Dr, East Moline, IL 61244, USA",(309) 203-1344,,,IL,No,,ChIJwUyH-K4x4ocRTo89RItl544,2025-09-25 13:49:32
HS Convenience,"1700 18th Ave, Rock Island, IL 61201, USA",(309) 553-5999,http://hsconvenience.com/,info@hsconvenience.com,IL,No,,ChIJszlBRwAz4ocR6eEipTK2PYs,2025-09-25 13:49:35
Lollypalooza,"1722 10th St, Moline, IL 61265, USA",(309) 517-3047,,,IL,No,,ChIJLbbd12Mx4ocRXXFZyvKMJUI,2025-09-25 13:49:35
Smokin' Joe's,"1733 30th St, Rock Island, IL 61201, USA",,,,IL,No,,ChIJ-7Etb6Qz4ocREuaSaxGgVCY,2025-09-25 13:49:38
High Society,"Milan, IL 61264, USA",,,,IL,No,,ChIJW159HgAz4ocR39g-Mc0PfwM,2025-09-25 13:49:39
Discount Tobacco Ware House,"180 19th Ave, Moline, IL 61265, USA",(309) 797-0362,,,IL,No,,ChIJe4xeMNsz4ocRYGcRrpIZNmg,2025-09-25 13:49:39
The Vaporosity Shop,"3009 14th Ave, Rock Island, IL 61201, USA",(309) 558-1137,http://thevaporosityshop.com/,vape@vaporosity.com,IL,No,,ChIJF-Zz_6Iz4ocRHegR_NJ5px8,2025-09-25 13:49:40
Shag Alternative Superstore - Moline,"4405 Avenue of the Cities, Moline, IL 61265, USA",(309) 524-4162,https://shopshag.com/smoke-shop-moline/,,IL,No,,ChIJD6fWOLwx4ocR_-ll5VeCEcU,2025-09-25 13:49:44
Jayde's Vapor Lounge,"4601 16th St #1, Moline, IL 61265, USA",(563) 514-5027,,,IL,No,,ChIJuaRrPJYx4ocRAeWGg8vZI9Y,2025-09-25 13:49:45
Vaporosity Moline,"2113 16th St, Moline, IL 61265, USA",(309) 797-4207,,,IL,No,,ChIJTX7BWIgx4ocRrGE7rotmioQ,2025-09-25 13:49:54
Ms. BriMani's Hair & Beauty Supply,"1709 2nd Ave, Rock Island, IL 61201, USA",(309) 786-6839,,,IL,No,,ChIJ77cI50Ez4ocRR5Xfvfp97tY,2025-09-25 13:50:03
Shades Of Color Beauty Supplies,"1711 5th Ave suite #1, Moline, IL 61265, USA",(309) 755-3499,http://www.shadesofcolorhair.com/,,IL,No,,ChIJRxF6vR464ocRqgCsFSRvjb4,2025-09-25 13:50:04
7-Eleven,"2930 16th St, Moline, IL 61265, USA",(309) 736-6255,https://www.7-eleven.com/locations/il/moline/2930-16th-st-34458?utm_source=G&utm_medium=local&utm_campaign=google-local,,IL,No,,ChIJdanBf3Yx4ocRdtjA1PABF98,2025-09-25 13:50:04
Healthy Harvest Urban Farms,"1616 2nd Ave, Rock Island, IL 61201, USA",(309) 235-1330,https://www.facebook.com/healthyharvesturbanfarms/,,IL,No,,ChIJBfKH7mUz4ocRYOUeMN6Zvr8,2025-09-25 13:50:05
New Style Scalp Micropigmentation Illinois,"111 19th Ave Suite 5, Moline, IL 61265, USA",(309) 328-9040,http://www.scalpmicropigmentationbynewstylesil.com/,,IL,No,,ChIJm98qq84z4ocRnk8e1SPVjMY,2025-09-25 13:50:06
Exotic Imports,"4500 16th St, Moline, IL 61265, USA",(309) 797-8590,http://www.exoticimports.com/,dave@exoticimports.com,IL,No,,ChIJPYCX3Lwx4ocRnTONzE2vkiQ,2025-09-25 13:50:12
AL Smoke & Vape Shop (Exotic Snacks & Drinks),"6300 S Cass Ave, Westmont, IL 60559, USA",(630) 241-1195,,,IL,No,,ChIJV-LBC6RPDogRl_VMLKgLtJ0,2025-09-25 13:50:14
Osho Market Bolingbrook | Smoke Shop | Vape | Tobacco | Kratom,"102 W Boughton Rd, Bolingbrook, IL 60440, USA",(630) 410-8458,,,IL,No,,ChIJG_gPCFtbDogRvqTu_ekBQKo,2025-09-25 13:50:14
TOBACCO LAND BOLINGBROOK | 7 Hydroxy | Geekbar | Smoke Shop | Vape | Tobacco | Kratom | Hookah | Cigar,"261 S Bolingbrook Dr, Bolingbrook, IL 60440, USA",(630) 410-8159,https://tobaccolandbolingbrook.shop/,,IL,No,,ChIJs1XUUblbDogRIukbd-CZ5I8,2025-09-25 13:50:24
PUFF N STUFF SMOKE N VAPE,"1999 75th St, Woodridge, IL 60517, USA",(630) 541-6460,,,IL,No,,ChIJITK5kU5RDogRE6azRqHxl1U,2025-09-25 13:50:24
Cheeferz Tobacconist,"8274 Janes Ave, Woodridge, IL 60517, USA",(630) 297-9232,,,IL,No,,ChIJP7bwI6RbDogRnVx5wfAyALc,2025-09-25 13:50:24
Flame Smoke and Vape,"7516 S Cass Ave Unit 17, Darien, IL 60561, USA",(630) 541-3117,,,IL,No,,ChIJL83_0gdPDogRCnNTmuN94YI,2025-09-25 13:50:24
Smoke Bank (Drive Thru) Vape | Tobacco | CBD | Glass | Kratom | Cigarettes,"1005 75th St, Darien, IL 60561, USA",(708) 263-7747,,,IL,No,,ChIJEV8GHVZPDogR3r-MplMeK0I,2025-09-25 13:50:25
Smoke Valley,"417 63rd St, Downers Grove, IL 60516, USA",(312) 825-7828,https://smokevalley.shop/about/,vapevalley417@gmail.com,IL,No,,ChIJkWq2SihPDogRaXkZ39GklO8,2025-09-25 13:50:26
Rocky's Smoke Shop | Vape | Tobacco | Cigars | Hookah | Glass | Hemp | Kratom,"6165 S Cass Ave, Westmont, IL 60559, USA",(708) 856-5769,,,IL,No,,ChIJC7OOr6lPDogRPFFzJtley5E,2025-09-25 13:50:26
Smoke City | Vapes | Tobacco | Cigars | Hookah | Glass | Hemp | Kratom,"319 W 63rd St, Westmont, IL 60559, USA",(331) 775-2940,,,IL,No,,ChIJ3_viZ_tPDogRLHL--wHvVqQ,2025-09-25 13:50:26
Tobacco Big D Mart,"6336 Woodward Ave, Downers Grove, IL 60516, USA",(630) 969-2922,,,IL,No,,ChIJ40cDd0dQDogRkT267iu6mdY,2025-09-25 13:50:26
Luv 2 Smoke,"31 W 63rd St Suite D, Westmont, IL 60559, USA",(708) 307-5028,,,IL,No,,ChIJX99puqhPDogRNrOHfLmWZ8w,2025-09-25 13:50:26
Prince Smoke N Convenient Shop Inc,"6006 S Cass Ave, Westmont, IL 60559, USA",(331) 777-5661,https://princesmokenconvenient.com/,,IL,No,,ChIJhU2Sp_FPDogRmTyiqQOAoE8,2025-09-25 13:50:37
Smoke Mafia,"446 75th St, Downers Grove, IL 60516, USA",(630) 541-8867,,,IL,No,,ChIJNSMzteZPDogRyUV0nxLUy6c,2025-09-25 13:50:37
Lala Land Smoke shop,"1202R 75th St, Downers Grove, IL 60516, USA",(630) 297-8188,,,IL,No,,ChIJB_Kv8L9RDogRYHic8WoLQ18,2025-09-25 13:50:37
Darien Tobacco Wine & Liquors,"7516 S Cass Ave, Darien, IL 60561, USA",(630) 541-5751,https://darienwineliquors.gotoliquorstore.com/,,IL,No,,ChIJDQnkUoJPDogRsWX1H_iWxAM,2025-09-25 13:50:39
Royal Tobacco,"7406 Janes Ave, Woodridge, IL 60517, USA",(630) 541-6311,,,IL,No,,ChIJO7h9wXBQDogR-ONhwd-susc,2025-09-25 13:50:39
Cigars & Mirrors,"1001 75th St Suite #189b, Woodridge, IL 60517, USA",(630) 442-7666,,,IL,No,,ChIJNyNTjRFRDogR1b_VI1wGxOM,2025-09-25 13:50:39
Smokeovapor,"2019 87th St Ste 100, Woodridge, IL 60517, USA",(630) 642-4453,,,IL,No,,ChIJGd2EwPtbDogRRfAQOkZDhxs,2025-09-25 13:50:39
Low Bob's Discount Tobacco,"136 N Bolingbrook Dr, Bolingbrook, IL 60440, USA",(630) 783-8446,http://www.lowbobsillinois.com/,,IL,No,,ChIJ0a3_1LVbDogRpruJYugOyeM,2025-09-25 13:50:40
Wise Guys Vapes,"6601 S Cass Ave unit g, Westmont, IL 60559, USA",(331) 777-4188,http://www.wiseguysvapes.com/,info@wiseguysvapes.com,IL,No,,ChIJ_9gdmHFPDogRWINp7SOTTgE,2025-09-25 13:51:21
STOGIES,"6300 Kingery Hwy, Willowbrook, IL 60527, USA",(630) 455-4100,https://www.facebook.com/pages/Stogies/201765176503471,,IL,No,,ChIJV_6gsCRPDogRufdh7i0i9Ws,2025-09-25 13:51:46
Tobacco Nest,"6818 IL-83, Darien, IL 60561, USA",,,,IL,No,,ChIJ0126WDhPDogRFPVAnBl_Ee4,2025-09-25 13:51:59
Cheap Smoke & Vape (Cheap Tobacco),"6800 IL-83 #3, Darien, IL 60561, USA",(630) 734-9101,,,IL,No,,ChIJDY4vVjhPDogRYjfkk0IRgMA,2025-09-25 13:52:00
Tobacco outlet Willowbrook,"10 s. 646 Kingery Hwy, Willowbrook, IL 60527, USA",(630) 891-3930,https://sites.google.com/view/tobbaco-outlet-willowbrook/home,,IL,No,,ChIJj8zpncNFDogRMqjklgudOxI,2025-09-25 13:52:11
Preet Tobacco,"Downers Grove, IL 60516, USA",(630) 541-5875,,,IL,No,,ChIJ_____y9QDogRrNm_TvYD-vM,2025-09-25 13:52:13
BP Gas Station + Car Wash + Convenient Store 24x7,"1935 Boughton Rd, Woodridge, IL 60517, USA",(630) 985-1543,https://map.bp.com/en-US/US/gas-station/woodridge/bp/87296215429356051700100000000000,,IL,No,,ChIJKZEcwL5aDogRv3cMbjRfkOU,2025-09-25 13:52:30
The Place Cigar Club and Lounge,"5236 Main St, Downers Grove, IL 60515, USA",(630) 239-7177,http://www.theplacedg.com/,info@theplacedg.combottom,IL,No,,ChIJZZqcRihODogRpG-mkcjxncI,2025-09-25 13:53:00
Rockton Tobacco,"3019 N Rockton Ave, Rockford, IL 61103, USA",(815) 961-7344,,,IL,No,,ChIJYZxuU_iVCIgRR6j2j3MAfZw,2025-09-25 13:53:13
Midtown 1 Stop Shop,"1006 Charles St, Rockford, IL 61104, USA",(815) 800-2002,,,IL,No,,ChIJDe0QERy_CIgRfSGLTqnygys,2025-09-25 13:53:13
Zake Convenience Smoke shop,"824 7th St, Rockford, IL 61104, USA",(815) 968-7133,,,IL,No,,ChIJ84i7IsS_CIgRj-NHgZn2R-Q,2025-09-25 13:53:14
Broadway Discount Tobacco,"3848 Broadway, Rockford, IL 61108, USA",,,,IL,No,,ChIJC1a0bz-_CIgRp9WoOU_2t5o,2025-09-25 13:53:14
State Market & Disc Cigarette,"813 E State St, Rockford, IL 61104, USA",(815) 968-7930,,,IL,No,,ChIJrWeGBs6_CIgR-R2Uqtjjk9M,2025-09-25 13:53:14
Tobacco Express,"864 W Riverside Blvd, Rockford, IL 61103, USA",(815) 654-6250,,,IL,No,,ChIJlQqZDd69CIgRGf-1sb02T4s,2025-09-25 13:53:14
West Side Smokes,"3707 Auburn St, Rockford, IL 61101, USA",(779) 210-2702,,,IL,No,,ChIJm_WmXT6VCIgROuPg_c7PYO0,2025-09-25 13:53:14
Sabare's Smoke Shop,"3764 E State St, Rockford, IL 61108, USA",(815) 394-0839,,,IL,No,,ChIJ1_5Btxi_CIgRmAbsx80dB78,2025-09-25 13:53:14
EIGHT 15 Convenient & TOBACOO,"2338 Charles St, Rockford, IL 61104, USA",(779) 210-4468,,,IL,No,,ChIJGXUzuKe_CIgR1o019GE-2Tk,2025-09-25 13:53:14
Peace Novelty,"615-B S Rockford Ave, Rockford, IL 61104, USA",(815) 226-1102,http://peacenovelty.com/,,IL,No,,ChIJvSh-xae_CIgRxGPBLFKC9C8,2025-09-25 13:53:16
Discount Tobacco & Pop,"5843 Forest Hills Rd, Rockford, IL 61114, USA",(815) 633-4812,,,IL,No,,ChIJK95NGp6-CIgRv6QSKQpeu6Q,2025-09-25 13:53:16
Smokes & More,"2645 20th St, Rockford, IL 61109, USA",(815) 397-8593,,,IL,No,,ChIJhzprt2HACIgReJBjVvqLq_c,2025-09-25 13:53:16
Discount Tobacco Land * smoke shop & vape *,"4215 E State St #208, Rockford, IL 61108, USA",(815) 977-5004,,,IL,No,,ChIJ-59zqSO_CIgRMbknlivSTTY,2025-09-25 13:53:16
Short stop convenient and tobacco,"2215 N Main St, Rockford, IL 61103, USA",(779) 423-0387,,,IL,No,,ChIJ5bAqscC_CIgRUf3BZPMPQ4s,2025-09-25 13:53:16
One stop tobacco and more,"2506 Auburn St, Rockford, IL 61101, USA",(815) 962-5994,,,IL,No,,ChIJFRALtYuVCIgRY2K0AD2Rl20,2025-09-25 13:53:16
Tobacco Outlet,"3219 N Main St, Rockford, IL 61103, USA",(815) 637-6820,,,IL,No,,ChIJSxBOBAu-CIgRUcZ0fveQ0nQ,2025-09-25 13:53:17
S&H Tobacco,"2744 11th St, Rockford, IL 61109, USA",(779) 423-2406,,,IL,No,,ChIJAQBQSIq_CIgRHj1tHmkGlUI,2025-09-25 13:53:17
Discount Cigarettes & Pop Plus Inc.,"321 7th St, Rockford, IL 61104, USA",(815) 987-9000,,,IL,No,,ChIJX2vBIs-_CIgRSnXTdyzW-WQ,2025-09-25 13:53:17
H & A Tobacco & Discount,"1623 Broadway, Rockford, IL 61104, USA",,,,IL,No,,ChIJlfQeAr6_CIgRZlRblLZ6sfQ,2025-09-25 13:53:17
Rock Tobacco,"3818 W Riverside Blvd suite 133-136, Rockford, IL 61101, USA",(815) 708-7073,,,IL,No,,ChIJoxZQlBqXCIgRf8N4khFoEkM,2025-09-25 13:53:17
Riverside Marketplace,"311 Mulberry St, Rockford, IL 61101, USA",(779) 210-2038,,,IL,No,,ChIJUYusAICVCIgRmuRBcyFPtaI,2025-09-25 13:53:20
Smoke depot moved 2975 n perryville rd Rockford il,"340 E Riverside Blvd ste 120, Loves Park, IL 61111, USA",,,,IL,No,,ChIJ0TO5eWy9CIgRYHqNBAa3X34,2025-09-25 13:53:20
QUICK N SAVE,"130 E Riverside Blvd, Loves Park, IL 61111, USA",(815) 977-4999,,,IL,No,,ChIJVZmu12-9CIgRAoXfkfWljhw,2025-09-25 13:53:20
Titan Games Champaign,"723 S Neil St #106, Champaign, IL 61820, USA",(217) 607-2317,https://www.titangames.com/,,IL,No,,ChIJlzqRiDTXDIgRopo82bJf-68,2025-09-25 13:55:20
Studio 420,"651 E Linton Ave, Springfield, IL 62703, USA",(217) 679-8423,https://datapointusa.org/details/studio-420-ChIJ463,,IL,No,,ChIJ463Uubg5dYgRMgotnlh6CMU,2025-09-25 13:55:59
The Crossing,"2828 E Clear Lake Ave, Springfield, IL 62703, USA",(217) 492-1501,,,IL,No,,ChIJTay-GBE6dYgRqHfki-Ns36E,2025-09-25 13:55:59
Trippy Vapez,"625 N Grand Ave E, Springfield, IL 62702, USA",(312) 715-7080,,,IL,No,,ChIJLdsyMIA3dYgRtl9nHLbRkTM,2025-09-25 13:55:59
Tobacco direct,"2205 Adlai Stevenson Dr, Springfield, IL 62703, USA",,,,IL,No,,ChIJr8gtpJ87dYgRA6N-xwaDjgE,2025-09-25 13:55:59
Traveling treasures,"616 N Grand Ave E, Springfield, IL 62702, USA",,,,IL,No,,ChIJGQQuCwA5dYgRLW_00VsU9pk,2025-09-25 13:55:59
Tobacco and vape smoke shop,"1820 W Jefferson St, Springfield, IL 62702, USA",(217) 313-1868,https://usavistalab.top/details/tobacco-and-vape-smoke-shop-ChIJJYk,,IL,No,,ChIJJYkOuJY5dYgRsWAj4nzzGE4,2025-09-25 13:56:00
Rocket Stop,"2800 S MacArthur Blvd, Springfield, IL 62704, USA",(217) 528-1425,,,IL,No,,ChIJF3_g8fs4dYgRBu6hHbxhgEc,2025-09-25 13:56:00
Madina Tobacco and Vape,"2700 W Lawrence Ave Ste G, Springfield, IL 62704, USA",(217) 679-4951,,,IL,No,,ChIJc8zd6PlHdYgRFqaxK9rcZ6U,2025-09-25 13:56:00
Veterans Vape and Smoke Shop,"1052 N Grand Ave W, Springfield, IL 62702, USA",,,,IL,No,,ChIJ2Vz3U9E3dYgRPnJYwyPPh4U,2025-09-25 13:56:01
Space vape & Tobacco,"3804 Octavus Via, Springfield, IL 62711, USA",(217) 670-2006,,,IL,No,,ChIJvUvAtBw5dYgRfp3gbfyASmY,2025-09-25 13:56:01
VAPORIUM,"2922 Constitution Dr, Springfield, IL 62704, USA",(217) 970-5037,,,IL,No,,ChIJ2zlXLdlHdYgR09KJals2A1k,2025-09-25 13:56:01
A & Q Tobacco Shop and Groceries,"2205 Adlai Stevenson Dr, Springfield, IL 62703, USA",(217) 679-4954,,,IL,No,,ChIJfal8Nz07dYgRRhwEnF5E6MM,2025-09-25 13:56:01
Tribble Vapors,"3429 Freedom Dr B & C, Springfield, IL 62704, USA",(217) 679-8382,,,IL,No,,ChIJ9ecejlxHdYgRjuPhqVTHrhk,2025-09-25 13:56:01
Discount Tobacco 25,"2901 Ridge Ave, Springfield, IL 62702, USA",(217) 525-9913,http://www.disctobacco.com/,,IL,No,,ChIJX_GHcAQxdYgRzYu1haXZbXI,2025-09-25 13:56:02
Old Tyme Tobacco Co Inc,"2901 Ridge Ave A, Springfield, IL 62702, USA",(217) 525-9913,,,IL,No,,ChIJs4aNRqAwdYgRftlCvX4O2Qw,2025-09-25 13:56:02
Discount Tobacco,"1150 W Jefferson St, Springfield, IL 62702, USA",(217) 698-1724,http://disctobacco.com/,,IL,No,,ChIJlXaFBzA4dYgRfyXk0IUSUzc,2025-09-25 13:56:03
Mr Vapor Smoke Shop,"131 Chatham Rd, Springfield, IL 62704, USA",(217) 679-1157,,,IL,No,,ChIJE9VHcuc5dYgRf7f0QjkIKbg,2025-09-25 13:56:03
Discount Tobacco,"1701 Wabash Ave, Jerome, IL 62704, USA",(217) 793-7272,http://www.disctobacco.com/,,IL,No,,ChIJ7T-Hj5I4dYgRIR-0VZK7-vA,2025-09-25 13:56:03
All Thingz Exotic,"2800 E Clear Lake Ave, Springfield, IL 62703, USA",(217) 899-3120,,,IL,No,,ChIJBTlR1uo7dYgRsHh6PIxmhPw,2025-09-25 13:56:03
JB Hawks Discount Tobacco and Vape,"1169 N 2nd St, Springfield, IL 62702, USA",(217) 525-6500,http://jbhawks.com/,bfulton@jbhawks.comcontact,IL,No,,ChIJB0HgAtg5dYgRkhJ7zRVHs_k,2025-09-25 13:56:06
Oscar's Corner Store,"1000 N 9th St, Springfield, IL 62702, USA",(217) 753-3463,https://oscar-s-corner-store.ueniweb.com/?utm_campaign=gmb,,IL,No,,ChIJI4h1xS85dYgRcYvM1s8o-XY,2025-09-25 13:56:09
Qik-N-EZ,"1101 Adlai Stevenson Dr, Springfield, IL 62703, USA",(217) 529-0002,http://www.qiknez.com/,,IL,No,,ChIJSS420Gs5dYgRo8ODDVG7abM,2025-09-25 13:56:12
JB Hawks Discount Tobacco and Vape,"321 N Dirksen Pkwy, Springfield, IL 62702, USA",(217) 544-2675,http://jbhawks.com/,bfulton@jbhawks.comcontact,IL,No,,ChIJQ0SsSW06dYgR_lWOQDzboMU,2025-09-25 13:56:17
"Upper Limits Midwest, Inc.","1205 S 2nd St, Springfield, IL 62704, USA",(217) 679-4315,https://upperlimitsinc.com/,,IL,No,,ChIJ-6KHfLA5dYgRYd9FH2b-QZI,2025-09-25 13:56:19
DTI's eCig City,"1305 Wabash Ave, Jerome, IL 62704, USA",(217) 679-0937,http://www.facebook.com/DTIeCigCity,,IL,No,,ChIJ9_DEovg4dYgROqXmjqLDbmQ,2025-09-25 13:56:23
"Impulse Vape & Glass Shop –Smoke Shop,Vape Shop in Jerome, IL","1665 Wabash Ave, Jerome, IL 62704, USA",(217) 536-2947,,,IL,No,,ChIJiS_CVbs5dYgRmHYSiKPXjcU,2025-09-25 13:56:23
Vapor Maven,"560 W Jefferson St, Springfield, IL 62702, USA",(447) 210-2305,https://vapormaven.com/,,IL,No,,ChIJ8066Rzc5dYgRaI4yxJeAHIE,2025-09-25 13:56:27
Island Vape Shop,"121 N Grand Ave E, Springfield, IL 62702, USA",(618) 601-3247,,,IL,No,,ChIJMQgb_3I3dYgRqZLRDk58naw,2025-09-25 13:56:27
IceBox Vape Shop,"1333 Wabash Ave, Jerome, IL 62704, USA",(217) 679-1792,,,IL,No,,ChIJD_jXPCk5dYgRrY9DrvLkc4M,2025-09-25 13:56:27
Vapor Maven,"2670 S 5th St, Springfield, IL 62703, USA",(447) 210-2317,https://vapormaven.com/,,IL,No,,ChIJM3AVJcE5dYgRCe_HO5ddLwE,2025-09-25 13:56:34
Penny Lane Gifts,"2901 S MacArthur Blvd, Springfield, IL 62704, USA",(217) 787-2996,http://www.pennylanegifts.com/,,IL,No,,ChIJSUr5dfs4dYgRXIL4AnnGR-0,2025-09-25 13:56:37
Happy Daze Gift Shop LLC,"830 N Grand Ave E, Springfield, IL 62702, USA",(217) 670-2415,https://happydazegifts.net/,happydazegiftshop@gmail.com,IL,No,,ChIJD_3n12E3dYgRuLbJi9AQl3s,2025-09-25 13:56:38
All-Star Grociery,"806 E Black Ave, Springfield, IL 62702, USA",(217) 679-1225,http://all-star-grociery.keeq.io/,,IL,No,,ChIJT40AWmc3dYgRz_B--jspzLU,2025-09-25 13:56:47
Cigars For Aficionado,"727 N Grand Ave E, Springfield, IL 62702, USA",(217) 744-1710,http://www.cigarsforaficionados.com/,,IL,No,,ChIJR3KVJ2A3dYgRe-zhwqRVGq4,2025-09-25 13:56:51
Pasfield Stop N Save,"1038 S Pasfield St, Springfield, IL 62704, USA",(217) 528-3430,,,IL,No,,ChIJ2asb-bM5dYgRqfJ4vrWDZPg,2025-09-25 13:57:00
Binny's Beverage Depot - Springfield,"2490 Wabash Ave, Springfield, IL 62704, USA",(217) 787-3401,https://www.binnys.com/store-locator/springfield,,IL,No,,ChIJ01zpHGNHdYgRfJFF1rpJglw,2025-09-25 13:57:01
"TOBACCO STATION SMOKE SHOP - VAPE Shope, CIGARS, HOOKAH, CIGARETTES, TOBACCO, ATM, BITCOIN ATM.","19404 LaGrange Rd, Mokena, IL 60448, USA",(708) 995-7077,http://tobaccostationmokena.com/,,IL,No,,ChIJr8diWEkVDogRKl4qlfga6hQ,2025-09-25 13:57:02
Totally Tobacco Inc,"11234 W Lincoln Hwy, Mokena, IL 60448, USA",(815) 806-9911,http://www.stonerinsider.com/,,IL,No,,ChIJbS9vUn5rDogRPOD2e64UjgI,2025-09-25 13:57:04
PUFF Tobacco & Vape,"19137 Wolf Rd, Mokena, IL 60448, USA",(708) 479-7833,,,IL,No,,ChIJXW21HQJrDogR-rTnwLWRgMg,2025-09-25 13:57:04
Bazaar Tobacco,"20833 LaGrange Rd, Frankfort, IL 60423, USA",(815) 464-0000,https://bazaartobacco1.com/,,IL,No,,ChIJc-eQMK4UDogRZJh5sbjUPaM,2025-09-25 13:57:14
Fog City Smoke shop - Vape,"19811 LaGrange Rd, Mokena, IL 60448, USA",(708) 390-8989,,,IL,No,,ChIJOch4mYAVDogR_5eoh13B_po,2025-09-25 13:57:14
VJ TOBACCO & LIQUORS,"19138 S 88th Ave, Mokena, IL 60448, USA",(708) 688-0022,,,IL,No,,ChIJZY_eNTAVDogROlgC6nHfsj0,2025-09-25 13:57:14
Will County Tobacco Cigar & Liquor,"19145 LaGrange Rd, Mokena, IL 60448, USA",(708) 326-4780,,,IL,No,,ChIJUWQ3GyoVDogR-COvurhseoM,2025-09-25 13:57:14
Supreme Cigar & Vape & Hookah,"17835 Wolf Rd, Orland Park, IL 60467, USA",(708) 677-9666,,,IL,No,,ChIJySTQ_5RrDogRJiWrWiFd6nk,2025-09-25 13:57:14
NeverAsh Cigars,"9115 Roma Ct, Frankfort, IL 60423, USA",(815) 290-9628,https://neverash.com/,,IL,No,,ChIJxT5VCkATDogRPbSeFDFM5rg,2025-09-25 13:57:16
Mokena Mart,"19464 LaGrange Rd, Mokena, IL 60448, USA",(708) 719-3252,,,IL,No,,ChIJp5ziKMwUDogRPph87bpbxSg,2025-09-25 13:57:16
Matrix Wholesale| Vape Wholesale Distributor in USA,"20015 LaGrange Rd #1302, Frankfort, IL 60423, USA",(872) 251-4195,https://matrix-wholesale.com/,,IL,No,,ChIJx2YwOOBRDogRSzwOpbltBV0,2025-09-25 13:57:18
New Lenox Food & Liquor,"13410 US-6, Mokena, IL 60448, USA",(815) 485-4033,,,IL,No,,ChIJRZjvsIRpDogRr29nrPJUtJw,2025-09-25 13:57:18
CBD Kratom Mokena,"19170 LaGrange Rd, Mokena, IL 60448, USA",(708) 719-3958,https://shopcbdkratom.com/,,IL,No,,ChIJBfao6GwVDogR-1XTHwiLXnU,2025-09-25 13:57:36
SunKissed Greenz,"19121 Wolf Rd, Mokena, IL 60448, USA",(779) 254-1261,https://www.sunkissedgreenz.com/,,IL,No,,ChIJ2YhUhbZrDogRf1msI9zzDDE,2025-09-25 13:57:39
Choo Choo Works,"9555 W Lincoln Hwy, Frankfort, IL 60423, USA",(815) 464-3314,https://www.facebook.com/choochooworks/,,IL,No,,ChIJy7FE064UDogRqjuybhvEjuc,2025-09-25 13:57:40
Amazing Fantasy Books & Comics,"20505 LaGrange Rd, Frankfort, IL 60423, USA",(815) 469-5092,,,IL,No,,ChIJhYGZmLYUDogREnceqBF-JG8,2025-09-25 13:57:40
Xhale Hookah Lounge & Smoke Shop,"1320 N Roselle Rd, Schaumburg, IL 60195, USA",(847) 884-6250,https://www.xhalehookahlounge.net/,,IL,No,,ChIJwSo_UkWvD4gRdf6sDxsElJ0,2025-09-25 13:57:56
Inferno Smoke Shop,"903 S Roselle Rd, Schaumburg, IL 60193, USA",(847) 301-9999,,,IL,No,,ChIJ4RIoO6CvD4gRd0gxoW_OSkM,2025-09-25 13:57:56
Fumare Hookah Lounge,"305 W Golf Rd, Schaumburg, IL 60195, USA",(847) 310-8802,,,IL,No,,ChIJh_JWQUyvD4gR9FrRmznhOrg,2025-09-25 13:57:56
Eclipse Smoke Shop,"981 W Wise Rd, Schaumburg, IL 60193, USA",(786) 816-9213,,,IL,No,,ChIJIdt2Yn2pD4gRU55TSWael3U,2025-09-25 13:57:57
Smokeovapor - Vape and Smoke Accessories,"1907 W Golf Rd, Schaumburg, IL 60194, USA",(773) 822-4119,,,IL,No,,ChIJp_fZ2o2oD4gR6jn3J_6TmHo,2025-09-25 13:57:57
Buddys Vape & Smoke,"1122 s Springinsguth Rd, Schaumburg, IL 60193, USA",(847) 278-1543,https://instagram.com/buddysvape_official?igshid=OGQ5ZDc2ODk2ZA==,,IL,No,,ChIJBRmXXQ2pD4gRZVv3XK74-4I,2025-09-25 13:57:58
Galaxy Smoke Shop Schaumburg,"805 E Schaumburg Rd, Schaumburg, IL 60194, USA",(847) 466-5844,,,IL,No,,ChIJz8TulTivD4gRPs880QvZXaA,2025-09-25 13:57:58
Sky Vapor Tobacco Smoke Shop,"3338 Kirchoff Rd, Rolling Meadows, IL 60008, USA",(224) 398-8109,,,IL,No,,ChIJv9Po4rqlD4gRI_Fh4-7LK_U,2025-09-25 13:57:58
Zee's Smoke Shop & Heady Glass Gallery,"1007 W Golf Rd, Hoffman Estates, IL 60169, USA",(847) 610-5940,http://www.zeevapor.com/,,IL,No,,ChIJq5aaOs-pD4gRZ5nXPGgJeG0,2025-09-25 13:58:03
Hard Rock Smoke & Vape,"670 Meacham Rd, Elk Grove Village, IL 60007, USA",(224) 520-8420,,,IL,No,,ChIJGzX67l-vD4gRRsXKIaFtzVk,2025-09-25 13:58:03
Hard Rock Smoke & Vapor,"1061 Rohlwing Rd, Elk Grove Village, IL 60007, USA",(630) 283-0727,,,IL,No,,ChIJLSyGdSavD4gRWHCJBVa--N8,2025-09-25 13:58:03
Dymok Smoke Shop,"706 E Higgins Rd, Schaumburg, IL 60173, USA",(847) 610-5122,https://dymoksmokeshop.com/,dymoksmokeshop@gmail.com,IL,No,,ChIJAelPHG6vD4gR9UhhSD2HV14,2025-09-25 13:58:05
Monster Smoke Shop Schaumburg,"1720 W Wise Rd, Schaumburg, IL 60193, USA",(847) 343-1000,https://www.monstersmokeshops.com/,,IL,No,,ChIJQxLmXoipD4gRMgh2UbgIbHs,2025-09-25 13:58:07
COSMOS SMOKESHOP RAW SMOKE,"2335 Bode Rd, Schaumburg, IL 60194, USA",(630) 999-3181,http://facebook.com/CosmosSmokeshop,,IL,No,,ChIJI3Yt7VyoD4gRWxlIzMlMhl0,2025-09-25 13:58:08
Vape'N Glass,"283 Barrington Rd, Streamwood, IL 60107, USA",(630) 635-2925,,,IL,No,,ChIJJ9mgTUGoD4gRf8ioNYakaD0,2025-09-25 13:58:08
LUX VAPE & CIGARS,"106 Barrington Rd, Streamwood, IL 60107, USA",(630) 943-6699,,,IL,No,,ChIJRQZN4i-pD4gRN0vYfBpM9Dw,2025-09-25 13:58:08
Vape Town,"682 S Barrington Rd, Streamwood, IL 60107, USA",,http://www.facebook.com/vapetowninc,,IL,No,,ChIJqRZfFHOpD4gR7XW93TTO7Ls,2025-09-25 13:58:09
Luxury Smoke & Vape,"726 Schaumburg Rd, Schaumburg, IL 60194, USA",(224) 353-3459,https://www.instagram.com/luxury_smoke1/,,IL,No,,ChIJvSId256vD4gRQVey8BE-Efk,2025-09-25 13:58:10
Johnny Vapes Inc,"1131 N Salem Dr, Schaumburg, IL 60194, USA",(630) 283-0621,,,IL,No,,ChIJkZXM4fypD4gR8n3T9EwSZaw,2025-09-25 13:58:10
SmokeNvape Streamwood,"1574 Buttitta Dr, Streamwood, IL 60107, USA",(847) 893-6360,,,IL,No,,ChIJS1MMp-upD4gR0WASXaMFi-g,2025-09-25 13:58:10
Byron Cigar Lounge,"1710 Woodfield Rd, Schaumburg, IL 60173, USA",(630) 283-0804,http://www.schaumburgcigarlounge.com/,,IL,No,,ChIJ4dF6TJavD4gR81uP5Qq7QgU,2025-09-25 13:58:22
Wise Guys Vapes,"1500 Algonquin Rd, Palatine, IL 60067, USA",(224) 801-6535,http://www.wiseguysvapes.com/,info@wiseguysvapes.com,IL,No,,ChIJUYde2OelD4gRnw9meYby3mc,2025-09-25 13:58:34
Sweetpull | Flower | Tobacco | Glass,"3809 S Kedzie Ave, Chicago, IL 60632, USA",,https://sweetpull1312.square.site/,,IL,No,,ChIJm75r0YwtDogRVKHie1fC-PU,2025-09-25 13:59:01
Best Mart & Tobacco,"1714 W 47th St, Chicago, IL 60609, USA",(312) 785-3872,,,IL,No,,ChIJHRnyBaYvDogRNci3sNmQqKo,2025-09-25 13:59:01
Blue Heaven Smoke Shop,"3510 W 26th St, Chicago, IL 60623, USA",(872) 281-7118,,,IL,No,,ChIJ0TJIE-IzDogR6cbW-0IOL8s,2025-09-25 13:59:01
BLAZE (Chicago Loop),"103 N Wells St, Chicago, IL 60606, USA",(773) 909-8990,,,IL,No,,ChIJu1wB1wYtDogRAK4xZmzhRIg,2025-09-25 13:59:03
Smoke Village Smoke & Vape Shop,"3312 W 26th St, Chicago, IL 60623, USA",(773) 565-4016,http://www.smokevillage.shop/,smokevillage26st@gmail.com,IL,No,,ChIJlXn-QpszDogREHWN3NzDa8s,2025-09-25 13:59:06
KUSH SMOKE AND TOBACCO | FLOWER | THC | VAPE - ARCHER,"2635 W 39th Pl, Chicago, IL 60632, USA",(708) 638-7368,,,IL,No,,ChIJ70XZUPItDogRghsbxB-VAI4,2025-09-25 13:59:18
Puffit Smoke & Vape Shop Chicago,"4434 S Archer Ave, Chicago, IL 60632, USA",(773) 940-0356,http://www.puffitsmokeshop.com/,,IL,No,,ChIJzwRm-fkxDogRKZSxv-jnY2s,2025-09-25 13:59:22
Smokers Planet,"750 N Franklin St # 105, Chicago, IL 60654, USA",(312) 796-3129,,,IL,No,,ChIJ8-6d75vTD4gRwWLvaNAN83Q,2025-09-25 13:59:29
Smolder,"444 N State St, Chicago, IL 60654, USA",(872) 314-5405,https://vapeology.org/stores/,contact@vapeology.org,IL,No,,ChIJrdiYS-MtDogRQYUTTi1oeVY,2025-09-25 13:59:45
Bronzeville Smoke Shop,"227 E 47th St, Chicago, IL 60615, USA",(312) 687-2116,,,IL,No,,ChIJvyrmHmAvDogRyq_abzOve8w,2025-09-25 13:59:45
Windy City Cigar Lounge,"4310 S Prairie Ave, Chicago, IL 60653, USA",(773) 855-2143,,,IL,No,,ChIJydnnIgAsDogRR8lH1ssGUZQ,2025-09-25 13:59:52
Jack Schwartz Importer,"141 W Jackson Blvd, Chicago, IL 60604, USA",(312) 782-7898,http://www.jackschwartz.com/,freematches@jackschwartz.com,IL,No,,ChIJ40MUyr0sDogRh46jkFJOLO0,2025-09-25 13:59:54
Cigar Keepers,"19 S Wabash Ave, Chicago, IL 60603, USA",(312) 345-0885,,,IL,No,,ChIJYw3pX6QsDogRDWOU1HfnXGQ,2025-09-25 13:59:56
Smoker Zone Chicago,"800 W 31st St, Chicago, IL 60608, USA",(872) 299-2073,,,IL,No,,ChIJ_3rvQyMtDogRomgApz0cm28,2025-09-25 14:00:16
Smoke Times,"1850 W Division St, Chicago, IL 60622, USA",(773) 245-8206,,,IL,No,,ChIJc_lfHcnSD4gR-lORBb0f3_8,2025-09-25 14:00:16
Chitown Bodega,"16 W Elm St, Chicago, IL 60610, USA",(312) 528-5024,,,IL,No,,ChIJfxiprrPTD4gRr2A-q1BiVAs,2025-09-25 14:00:17
